"news,cjpl,919486141.html","
红筹股回归门槛下调：32家公司可能回A 爱奇艺、携程还要等                                                                    ",10.6万,1278,2020-05-03 08:10:48
"news,gssz,919414747.html","
6万亿公募REITs市场来了！国内公募REITs先行者鹏华基金探路揭秘                                                                    ",43313,19,2020-05-03 01:09:24
"news,cjpl,919396807.html","
越跌越买！19万亿险资一季度最新动向曝光 全力增持这类股                                                                    ",11.4万,341,2020-05-03 04:31:13
"news,gssz,919486498.html","
越跌越买！19万亿险资一季度最新动向曝光 全力增持这类股                                                                    ",4909,7,2020-05-03 04:31:13
"news,gmxx,919278461.html","
红筹股回归门槛下调：32家公司可能回A 爱奇艺、携程还要等                                                                    ",1854,4,2020-05-03 08:10:48
"news,gmxx,919278134.html","
人民日报：中国经济恢复活力 为世界经济注入宝贵信心和动力                                                                    ",1760,4,2020-05-03 00:01:46
"news,gmxx,919278003.html","
越跌越买！19万亿险资一季度最新动向曝光 全力增持这类股                                                                    ",4901,4,2020-05-03 04:31:13
"news,gmxx,919277938.html","
红筹股回归门槛下调：32家公司可能回A 爱奇艺、携程还要等                                                                    ",2285,3,2020-05-03 08:10:48
"news,gmxx,919277551.html","
【活动】一起来寻找符合巴菲特投资理念的价值股，秀出你的独家观点，赢取现金奖励！                                                                    ",2172,5,2020-04-27 13:56:28
"news,gmxx,919277453.html","
【有奖】解读公司财报，万元好礼驾到！                                                                    ",3734,3,2020-03-02 09:14:41
"news,gmxx,919505696.html","
【有奖】解读公司财报，万元好礼驾到！                                                                    ",110,0,2020-03-02 09:14:41
"news,gmxx,919474446.html","
6万亿公募REITs市场来了！国内公募REITs先行者鹏华基金探路揭秘                                                                    ",148,0,2020-05-03 01:09:24
"news,gmxx,919437639.html","
【有奖】解读公司财报，万元好礼驾到！                                                                    ",190,2,2020-03-02 09:14:41
"news,gmxx,919456505.html","
红筹股回归门槛下调：32家公司可能回A 爱奇艺、携程还要等                                                                    ",140,0,2020-05-03 08:10:48
"news,gmxx,919443368.html","
【活动】一起来寻找符合巴菲特投资理念的价值股，秀出你的独家观点，赢取现金奖励！                                                                    ",162,0,2020-04-27 13:56:28
"news,gmxx,919441636.html","
红筹股回归门槛下调：32家公司可能回A 爱奇艺、携程还要等                                                                    ",170,0,2020-05-03 08:10:48
"news,gmxx,919321880.html","
非农超级周+两大央行利率决议来袭 重磅事件及数据影响力分析                                                                    ",233,1,2020-05-03 08:28:22
"news,gmxx,919413778.html","
越跌越买！19万亿险资一季度最新动向曝光 全力增持这类股                                                                    ",178,0,2020-05-03 04:31:13
"news,gmxx,919408484.html","
【有奖】解读公司财报，万元好礼驾到！                                                                    ",192,0,2020-03-02 09:14:41
"news,gmxx,919405956.html","
【活动】一起来寻找符合巴菲特投资理念的价值股，秀出你的独家观点，赢取现金奖励！                                                                    ",196,0,2020-04-27 13:56:28
"news,gmxx,919386430.html","
【有奖】解读公司财报，万元好礼驾到！                                                                    ",243,0,2020-03-02 09:14:41
"news,gmxx,919356904.html","
越跌越买！19万亿险资一季度最新动向曝光 全力增持这类股                                                                    ",252,0,2020-05-03 04:31:13
"news,gmxx,919338414.html","
非农超级周+两大央行利率决议来袭 重磅事件及数据影响力分析                                                                    ",197,0,2020-05-03 08:28:22
"news,gmxx,919340685.html","
非农超级周+两大央行利率决议来袭 重磅事件及数据影响力分析                                                                    ",309,8,2020-05-03 08:28:22
"news,gmxx,919321464.html","
6万亿公募REITs市场来了！国内公募REITs先行者鹏华基金探路揭秘                                                                    ",216,0,2020-05-03 01:09:24
"news,gmxx,919313651.html","
人民日报：中国经济恢复活力 为世界经济注入宝贵信心和动力                                                                    ",245,0,2020-05-03 00:01:46
"news,gmxx,919285980.html","
【有奖】解读公司财报，万元好礼驾到！                                                                    ",328,0,2020-03-02 09:14:41
"news,gmxx,919281309.html","
6万亿公募REITs市场来了！国内公募REITs先行者鹏华基金探路揭秘                                                                    ",346,0,2020-05-03 01:09:24
"news,gmxx,919282652.html","
非农超级周+两大央行利率决议来袭 重磅事件及数据影响力分析                                                                    ",416,0,2020-05-03 08:28:22
"news,gmxx,919269375.html","
6万亿公募REITs市场来了！国内公募REITs先行者鹏华基金探路揭秘                                                                    ",514,0,2020-05-03 01:09:24
"news,gmxx,919268402.html","
【活动】一起来寻找符合巴菲特投资理念的价值股，秀出你的独家观点，赢取现金奖励！                                                                    ",291,0,2020-04-27 13:56:28
"news,gmxx,919265469.html","
越跌越买！19万亿险资一季度最新动向曝光 全力增持这类股                                                                    ",276,0,2020-05-03 04:31:13
"news,gmxx,914198675.html","
越跌越买！19万亿险资一季度最新动向曝光 全力增持这类股                                                                    ",1058,4,2020-05-03 04:31:13
"news,gmxx,919215812.html","
人民日报：中国经济恢复活力 为世界经济注入宝贵信心和动力                                                                    ",330,0,2020-05-03 00:01:46
"news,gmxx,919191757.html","
6万亿公募REITs市场来了！国内公募REITs先行者鹏华基金探路揭秘                                                                    ",310,0,2020-05-03 01:09:24
"news,gmxx,919184639.html","
6万亿公募REITs市场来了！国内公募REITs先行者鹏华基金探路揭秘                                                                    ",456,0,2020-05-03 01:09:24
"news,gmxx,919180543.html","
越跌越买！19万亿险资一季度最新动向曝光 全力增持这类股                                                                    ",252,0,2020-05-03 04:31:13
"news,gmxx,919168713.html","
越跌越买！19万亿险资一季度最新动向曝光 全力增持这类股                                                                    ",328,0,2020-05-03 04:31:13
"news,gmxx,919164390.html","
红筹股回归门槛下调：32家公司可能回A 爱奇艺、携程还要等                                                                    ",268,0,2020-05-03 08:10:48
"news,gmxx,919157793.html","
越跌越买！19万亿险资一季度最新动向曝光 全力增持这类股                                                                    ",355,1,2020-05-03 04:31:13
"news,gmxx,919126755.html","
6万亿公募REITs市场来了！国内公募REITs先行者鹏华基金探路揭秘                                                                    ",250,0,2020-05-03 01:09:24
"news,gmxx,919125625.html","
红筹股回归门槛下调：32家公司可能回A 爱奇艺、携程还要等                                                                    ",350,0,2020-05-03 08:10:48
"news,gmxx,919121629.html","
红筹股回归门槛下调：32家公司可能回A 爱奇艺、携程还要等                                                                    ",423,0,2020-05-03 08:10:48
"news,gmxx,919103221.html","
【有奖】解读公司财报，万元好礼驾到！                                                                    ",382,0,2020-03-02 09:14:41
"news,gmxx,918956893.html","
红筹股回归门槛下调：32家公司可能回A 爱奇艺、携程还要等                                                                    ",319,0,2020-05-03 08:10:48
"news,gmxx,918932018.html","
越跌越买！19万亿险资一季度最新动向曝光 全力增持这类股                                                                    ",13189,3,2020-05-03 04:31:13
"news,gmxx,918930919.html","
【活动】一起来寻找符合巴菲特投资理念的价值股，秀出你的独家观点，赢取现金奖励！                                                                    ",4508,1,2020-04-27 13:56:28
"news,gmxx,918930758.html","
人民日报：中国经济恢复活力 为世界经济注入宝贵信心和动力                                                                    ",12750,3,2020-05-03 00:01:46
"news,gmxx,918930841.html","
6万亿公募REITs市场来了！国内公募REITs先行者鹏华基金探路揭秘                                                                    ",3832,2,2020-05-03 01:09:24
"news,gmxx,918566294.html","
6万亿公募REITs市场来了！国内公募REITs先行者鹏华基金探路揭秘                                                                    ",6439,1,2020-05-03 01:09:24
"news,gmxx,918567024.html","
人民日报：中国经济恢复活力 为世界经济注入宝贵信心和动力                                                                    ",10563,1,2020-05-03 00:01:46
"news,gmxx,918864490.html","
【有奖】解读公司财报，万元好礼驾到！                                                                    ",359,0,2020-03-02 09:14:41
"news,gmxx,918855195.html","
【活动】一起来寻找符合巴菲特投资理念的价值股，秀出你的独家观点，赢取现金奖励！                                                                    ",361,0,2020-04-27 13:56:28
"news,gmxx,918838956.html","
红筹股回归门槛下调：32家公司可能回A 爱奇艺、携程还要等                                                                    ",419,0,2020-05-03 08:10:48
"news,gmxx,918725097.html","
【有奖】解读公司财报，万元好礼驾到！                                                                    ",494,1,2020-03-02 09:14:41
